<?xml version="1.0" encoding="UTF-8" ?>
<!DOCTYPE mapper PUBLIC "-//mybatis.org//DTD Mapper 3.0//EN" "http://mybatis.org/dtd/mybatis-3-mapper.dtd" >
<mapper namespace="org.javaboy.vhr.mapper.EmployeeremoveMapper" >
  <resultMap id="BaseResultMap" type="org.javaboy.vhr.model.Employeeremove" >
    <id column="id" property="id" jdbcType="INTEGER" />
    <result column="eid" property="eid" jdbcType="INTEGER" />
    <result column="afterDepId" property="afterdepid" jdbcType="INTEGER" />
    <result column="afterJobId" property="afterjobid" jdbcType="INTEGER" />
    <result column="removeDate" property="removedate" jdbcType="DATE" />
    <result column="reason" property="reason" jdbcType="VARCHAR" />
    <result column="remark" property="remark" jdbcType="VARCHAR" />
  </resultMap>

  <resultMap id="AllEmployeeremoveInfo" type="org.javaboy.vhr.model.Employeeremove" extends="BaseResultMap">
    <association property="employee" javaType="org.javaboy.vhr.model.Employee">
      <id column="eid" property="id"/>
      <result column="ename" property="name"/>
    </association>
    <association property="department" javaType="org.javaboy.vhr.model.Department">
      <id column="afterdepid" property="id"/>
      <result column="dname" property="name"/>
    </association>
    <association property="position" javaType="org.javaboy.vhr.model.Position">
      <id column="afterjobid" property="id"/>
      <result column="pname" property="name"/>
    </association>
  </resultMap>

  <sql id="Base_Column_List" >
    id, eid, afterDepId, afterJobId, removeDate, reason, remark
  </sql>
  <select id="selectByPrimaryKey" resultMap="BaseResultMap" parameterType="java.lang.Integer" >
    select 
    <include refid="Base_Column_List" />
    from employeeremove
    where id = #{id,jdbcType=INTEGER}
  </select>
  <select id="getAllEmployeeRemove" resultMap="BaseResultMap">
    select
    <include refid="Base_Column_List" />
    from employeeremove
  </select>

  <select id="getAllEmployeeRemoveByPage" resultMap="AllEmployeeremoveInfo">
    select er.*,e.name ename,er.eid eid,d.name dname,p.name pname
    from employeeremove er,employee e,department d,position p
    where e.id=er.eid and er.afterDepId=d.id and er.afterJobId=p.id
    <if test="empremove.employee != null">
      AND e.name LIKE CONCAT('%', #{empremove.employee.getName()}, '%')
    </if>
    <if test="empremove.department !=null">
      and er.afterdepid =#{empremove.department.getId()}
    </if>
    <if test="empremove.position !=null">
      and er.afterjobid =#{empremove.position.getId()}
    </if>
    <if test="beginDateScope !=null">
      and er.removeDate between #{beginDateScope[0]} and #{beginDateScope[1]}
    </if>
    <if test="page !=null and size!=null">
      limit #{page},#{size}
    </if>
  </select>

  <select id="getTotal" resultType="java.lang.Long">
    select count(*) from employeeremove er,employee e
    where e.id=er.eid

    <where>
      <if test="empremove.employee != null">
        AND e.name LIKE CONCAT('%', #{empremove.employee.getName()}, '%')
      </if>
      <if test="empremove.department !=null">
        and er.afterdepid =#{empremove.department.getId()}
      </if>
      <if test="empremove.position !=null">
        and er.afterjobid =#{empremove.position.getId()}
      </if>
      <if test="beginDateScope !=null">
        and ec.ecDate between #{beginDateScope[0]} and #{beginDateScope[1]}
      </if>
    </where>
  </select>

  <delete id="deleteByPrimaryKey" parameterType="java.lang.Integer" >
    delete from employeeremove
    where id = #{id,jdbcType=INTEGER}
  </delete>
  <insert id="insert" parameterType="org.javaboy.vhr.model.Employeeremove" >
    insert into employeeremove (id, eid, afterDepId, 
      afterJobId, removeDate, reason, 
      remark)
    values (#{id,jdbcType=INTEGER}, #{eid,jdbcType=INTEGER}, #{afterdepid,jdbcType=INTEGER}, 
      #{afterjobid,jdbcType=INTEGER}, #{removedate,jdbcType=DATE}, #{reason,jdbcType=VARCHAR}, 
      #{remark,jdbcType=VARCHAR})
  </insert>
  <insert id="insertSelective" parameterType="org.javaboy.vhr.model.Employeeremove" >
    insert into employeeremove
    <trim prefix="(" suffix=")" suffixOverrides="," >
      <if test="id != null" >
        id,
      </if>
      <if test="eid != null" >
        eid,
      </if>
      <if test="afterdepid != null" >
        afterDepId,
      </if>
      <if test="afterjobid != null" >
        afterJobId,
      </if>
      <if test="removedate != null" >
        removeDate,
      </if>
      <if test="reason != null" >
        reason,
      </if>
      <if test="remark != null" >
        remark,
      </if>
    </trim>
    <trim prefix="values (" suffix=")" suffixOverrides="," >
      <if test="id != null" >
        #{id,jdbcType=INTEGER},
      </if>
      <if test="eid != null" >
        #{eid,jdbcType=INTEGER},
      </if>
      <if test="afterdepid != null" >
        #{afterdepid,jdbcType=INTEGER},
      </if>
      <if test="afterjobid != null" >
        #{afterjobid,jdbcType=INTEGER},
      </if>
      <if test="removedate != null" >
        #{removedate,jdbcType=DATE},
      </if>
      <if test="reason != null" >
        #{reason,jdbcType=VARCHAR},
      </if>
      <if test="remark != null" >
        #{remark,jdbcType=VARCHAR},
      </if>
    </trim>
  </insert>
  <update id="updateByPrimaryKeySelective" parameterType="org.javaboy.vhr.model.Employeeremove" >
    update employeeremove
    <set >
      <if test="eid != null" >
        eid = #{eid,jdbcType=INTEGER},
      </if>
      <if test="afterdepid != null" >
        afterDepId = #{afterdepid,jdbcType=INTEGER},
      </if>
      <if test="afterjobid != null" >
        afterJobId = #{afterjobid,jdbcType=INTEGER},
      </if>
      <if test="removedate != null" >
        removeDate = #{removedate,jdbcType=DATE},
      </if>
      <if test="reason != null" >
        reason = #{reason,jdbcType=VARCHAR},
      </if>
      <if test="remark != null" >
        remark = #{remark,jdbcType=VARCHAR},
      </if>
    </set>
    where id = #{id,jdbcType=INTEGER}
  </update>
  <update id="updateByPrimaryKey" parameterType="org.javaboy.vhr.model.Employeeremove" >
    update employeeremove
    set eid = #{eid,jdbcType=INTEGER},
      afterDepId = #{afterdepid,jdbcType=INTEGER},
      afterJobId = #{afterjobid,jdbcType=INTEGER},
      removeDate = #{removedate,jdbcType=DATE},
      reason = #{reason,jdbcType=VARCHAR},
      remark = #{remark,jdbcType=VARCHAR}
    where id = #{id,jdbcType=INTEGER}
  </update>
</mapper>