<?xml version="1.0" encoding="UTF-8" ?>
<!DOCTYPE mapper PUBLIC "-//mybatis.org//DTD Mapper 3.0//EN" "http://mybatis.org/dtd/mybatis-3-mapper.dtd" >
<mapper namespace="org.javaboy.vhr.mapper.EmpSalaryMapper" >
  <resultMap id="BaseResultMap" type="org.javaboy.vhr.model.EmpSalary" >
    <id column="id" property="id" jdbcType="INTEGER" />
    <result column="eid" property="eid" jdbcType="INTEGER" />
    <result column="sid" property="sid" jdbcType="INTEGER" />
  </resultMap>
  <sql id="Base_Column_List" >
    id, eid, sid
  </sql>
  <select id="selectByPrimaryKey" resultMap="BaseResultMap" parameterType="java.lang.Integer" >
    select 
    <include refid="Base_Column_List" />
    from empsalary
    where id = #{id,jdbcType=INTEGER}
  </select>
  <select id="selectByEid" resultMap="BaseResultMap" parameterType="java.lang.Integer" >
    select
    <include refid="Base_Column_List" />
    from empsalary
    where eid = #{id,jdbcType=INTEGER}
  </select>
  <delete id="deleteByPrimaryKey" parameterType="java.lang.Integer" >
    delete from empsalary
    where id = #{id,jdbcType=INTEGER}
  </delete>
  <insert id="insert" parameterType="org.javaboy.vhr.model.EmpSalary" >
    insert into empsalary (id, eid, sid)
    values (#{id,jdbcType=INTEGER}, #{eid,jdbcType=INTEGER}, #{sid,jdbcType=INTEGER})
  </insert>
  <insert id="insertSelective" parameterType="org.javaboy.vhr.model.EmpSalary" >
    insert into empsalary
    <trim prefix="(" suffix=")" suffixOverrides="," >
      <if test="id != null" >
        id,
      </if>
      <if test="eid != null" >
        eid,
      </if>
      <if test="sid != null" >
        sid,
      </if>
    </trim>
    <trim prefix="values (" suffix=")" suffixOverrides="," >
      <if test="id != null" >
        #{id,jdbcType=INTEGER},
      </if>
      <if test="eid != null" >
        #{eid,jdbcType=INTEGER},
      </if>
      <if test="sid != null" >
        #{sid,jdbcType=INTEGER},
      </if>
    </trim>
  </insert>
  <update id="updateByPrimaryKeySelective" parameterType="org.javaboy.vhr.model.EmpSalary" >
    update empsalary
    <set >
      <if test="eid != null" >
        eid = #{eid,jdbcType=INTEGER},
      </if>
      <if test="sid != null" >
        sid = #{sid,jdbcType=INTEGER},
      </if>
    </set>
    where id = #{id,jdbcType=INTEGER}
  </update>
  <update id="updateByPrimaryKey" parameterType="org.javaboy.vhr.model.EmpSalary" >
    update empsalary
    set eid = #{eid,jdbcType=INTEGER},
      sid = #{sid,jdbcType=INTEGER}
    where id = #{id,jdbcType=INTEGER}
  </update>
</mapper>